variable,VIF
const,840442.9990027227
Qualite_ecole,1.7886729248261952
Revenu_median_quartier,1.5885579439742645
Chambres,1.5676809345938558
Surface_m2,1.5573479374858012
Distance_universite,1.2707218086083454
Distance_centre_km,1.0429178041671148
Annee_construction,1.0192590471476577
Annee_vente,1.0161883246450352
